destino_id,name,type,desc,price,free,img,lat,lng
cusco,Plaza de Armas,🏛️ Plaza histórica,El corazón de la ciudad.,Gratis,true,https://images.unsplash.com/photo-1587595431973-160d0d94add1?auto=format&fit=crop&q=80&w=200,-13.5167,-71.9787
cusco,Mercado San Pedro,🛒 Mercado,Lleno de colores locales.,Gratis entrada,true,https://images.unsplash.com/photo-1519624967341-382a9d6bfdb9?auto=format&fit=crop&q=80&w=200,-13.5198,-71.9825
cusco,Sacsayhuamán,🏯 Arqueología,Imponente fortaleza inca.,S/ 70,false,https://images.unsplash.com/photo-1526392060635-9d60198d3de3?auto=format&fit=crop&q=80&w=200,-13.5085,-71.9816
cusco,Qorikancha,🌞 Templo,Templo más importante del Imperio.,S/ 20,false,https://images.unsplash.com/photo-1544365558-35aa4af11113?auto=format&fit=crop&q=80&w=200,-13.5204,-71.9745
cusco,Barrio San Blas,🎨 Barrio,Bohemio con galerías de arte.,Gratis,true,https://images.unsplash.com/photo-1513519245088-0e12902e5a38?auto=format&fit=crop&q=80&w=200,-13.5147,-71.9749
cusco,Chicha por Gastón Acurio,🍽️ Restaurante,Gastronomía cusqueña top.,S/ 50+,false,https://media-cdn.tripadvisor.com/media/photo-s/19/60/7b/57/caption.jpg,-13.5173,-71.9806
cusco,Valle Sagrado,🏔️ Valle,Pueblos y paisajes andinos.,S/ 70,false,https://images.unsplash.com/photo-1533088924632-15f5fc8488e1?auto=format&fit=crop&q=80&w=200,-13.305,-72.0131
cusco,Machu Picchu,🌟 Maravilla,La ciudad inca perdida.,S/ 152,false,https://images.unsplash.com/photo-1587595431973-160d0d94add1?auto=format&fit=crop&q=80&w=200,-13.1631,-72.545
lima,Plaza Mayor,🏛️ Plaza histórica,Centro histórico de la ciudad.,Gratis,true,https://images.unsplash.com/photo-1587595431973-160d0d94add1?auto=format&fit=crop&q=80&w=200,-12.0464,-77.0305
lima,Miraflores,🌊 Distrito,Malecón frente al Pacífico.,Gratis,true,https://images.unsplash.com/photo-1531968551466-417195979b9a?auto=format&fit=crop&q=80&w=200,-12.1219,-77.0305
lima,Larcomar,🛍️ Centro Comercial,Shopping sobre los acantilados.,Gratis,true,https://images.unsplash.com/photo-1582236940801-1b2c4515b67a?auto=format&fit=crop&q=80&w=200,-12.132,-77.0305
lima,Museo Larco,🏺 Museo,Colección arqueológica.,S/ 40,false,https://images.unsplash.com/photo-1566127444979-b3d2b654e3d7?auto=format&fit=crop&q=80&w=200,-12.0724,-77.0705
lima,Barranco,🎨 Barrio,El barrio bohemio de Lima.,Gratis,true,https://images.unsplash.com/photo-1513519245088-0e12902e5a38?auto=format&fit=crop&q=80&w=200,-12.1481,-77.0212
lima,Central Restaurante,🍽️ Restaurante,Alta gastronomía mundial.,"S/ 1,200",false,https://images.unsplash.com/photo-1514326640560-7d063ef2aed5?auto=format&fit=crop&q=80&w=200,-12.1416,-77.0223
lima,Huaca Pucllana,🏺 Arqueología,Pirámide preínca en la ciudad.,S/ 15,false,https://images.unsplash.com/photo-1526392060635-9d60198d3de3?auto=format&fit=crop&q=80&w=200,-12.1111,-77.0336
arequipa,Plaza de Armas,🏛️ Plaza histórica,Edificios de sillar blanco.,Gratis,true,https://images.unsplash.com/photo-1596401057633-54a8fe8ef647?auto=format&fit=crop&q=80&w=200,-16.3988,-71.5369
arequipa,Monasterio Santa Catalina,⛪ Monasterio,Ciudad colonial en el centro.,S/ 45,false,https://images.unsplash.com/photo-1544365558-35aa4af11113?auto=format&fit=crop&q=80&w=200,-16.3958,-71.5372
arequipa,Cañón del Colca,🏔️ Naturaleza,Hogar del cóndor andino.,S/ 70,false,https://images.unsplash.com/photo-1533088924632-15f5fc8488e1?auto=format&fit=crop&q=80&w=200,-15.6094,-71.8694
arequipa,Volcán Misti,⛰️ Volcán,Volcán guardián de la ciudad.,Gratis,true,https://images.unsplash.com/photo-1589410183861-554471f50a80?auto=format&fit=crop&q=80&w=200,-16.295,-71.4089
ica,Oasis de Huacachina,🏜️ Oasis,Oasis rodeado de dunas.,Gratis,true,https://images.unsplash.com/photo-1574488349195-2c8a14b53ca3?auto=format&fit=crop&q=80&w=200,-14.0875,-75.7628
ica,Líneas de Nazca (Vuelo),✈️ Arqueología,Sobrevuelo geoglifos.,S/ 350,false,https://images.unsplash.com/photo-1526392060635-9d60198d3de3?auto=format&fit=crop&q=80&w=200,-14.739,-75.13
ica,Reserva de Paracas,🦭 Naturaleza,Paisajes desérticos costeros.,S/ 11,false,https://images.unsplash.com/photo-1531968551466-417195979b9a?auto=format&fit=crop&q=80&w=200,-13.8828,-76.2514
ica,Islas Ballestas,🐧 Islas,Fauna marina.,S/ 40,false,https://images.unsplash.com/photo-1531968551466-417195979b9a?auto=format&fit=crop&q=80&w=200,-13.7317,-76.3983
puno,Lago Titicaca (Tour),💧 Lago,Lago navegable más alto.,S/ 25,false,https://images.unsplash.com/photo-1533088924632-15f5fc8488e1?auto=format&fit=crop&q=80&w=200,-15.8402,-69.3381
puno,Islas Flotantes Uros,🌾 Islas flotantes,Islas de totora.,S/ 15,false,https://images.unsplash.com/photo-1533088924632-15f5fc8488e1?auto=format&fit=crop&q=80&w=200,-15.8206,-69.9678
puno,Catedral de Puno,⛪ Catedral,Fachada mestiza barroca.,Gratis,true,https://images.unsplash.com/photo-1544365558-35aa4af11113?auto=format&fit=crop&q=80&w=200,-15.8406,-70.0278
puno,Chullpas de Sillustani,🗿 Arqueología,Torres funerarias preíncas.,S/ 15,false,https://images.unsplash.com/photo-1526392060635-9d60198d3de3?auto=format&fit=crop&q=80&w=200,-15.7225,-70.1583
loreto,Ciudad de Iquitos,🏙️ Ciudad,Ciudad en la Amazonía.,Gratis,true,https://images.unsplash.com/photo-1518182170546-076616fd60cf?auto=format&fit=crop&q=80&w=200,-3.7491,-73.2538
loreto,Reserva Pacaya Samiria,🌿 Reserva,Laberinto de ríos.,S/ 150,false,https://images.unsplash.com/photo-1518182170546-076616fd60cf?auto=format&fit=crop&q=80&w=200,-5.2631,-74.8364
loreto,Río Amazonas,🌊 Río,El río más caudaloso.,Gratis,true,https://images.unsplash.com/photo-1518182170546-076616fd60cf?auto=format&fit=crop&q=80&w=200,-3.738,-73.2425
loreto,Malecón Tarapacá,🌅 Malecón,Paseo frente al río.,Gratis,true,https://images.unsplash.com/photo-1476610182048-b716b8518aae?auto=format&fit=crop&q=80&w=200,-3.7497,-73.2415
trujillo,Chan Chan,🏯 Arqueología,Ciudadela de barro.,S/ 11,false,https://images.unsplash.com/photo-1624535313364-bbbb5c11099f?auto=format&fit=crop&q=80&w=200,-8.1082,-79.0754
trujillo,Huaca de la Luna,🌙 Arqueología,Templo moche con murales.,S/ 10,false,https://images.unsplash.com/photo-1526392060635-9d60198d3de3?auto=format&fit=crop&q=80&w=200,-8.134,-78.9859
trujillo,Huanchaco,🏄 Playa,Caballitos de totora.,Gratis,true,https://www.infobae.com/resizer/v2/H3RV262UBRDURITW4BLNTMOLJE.png?auth=bdbdce9b0fa266d3392e330e01dc3e41fa22a4f1b57698957e1a0406c1224d0a&smart=true&width=992&height=558&quality=85,-8.0811,-79.1197
trujillo,Plaza de Armas,🏛️ Plaza,Colorida y colonial.,Gratis,true,https://images.unsplash.com/photo-1587595431973-160d0d94add1?auto=format&fit=crop&q=80&w=200,-8.1116,-79.0287
huaraz,Parque Nacional Huascarán,🏔️ Parque,Montañas nevadas.,S/ 65,false,https://visitaareasnaturales.sernanp.gob.pe/wp-content/uploads/2024/12/trekking-laguna-churup1.jpg,-9.1219,-77.5255
huaraz,Laguna 69,💧 Laguna,Laguna turquesa andina.,S/ 30,false,https://images.unsplash.com/photo-1589410183861-554471f50a80?auto=format&fit=crop&q=80&w=200,-9.0125,-77.6105
huaraz,Chavín de Huántar,🏯 Arqueología,Templo preínca.,S/ 15,false,https://images.unsplash.com/photo-1526392060635-9d60198d3de3?auto=format&fit=crop&q=80&w=200,-9.5936,-77.1777
huaraz,Glaciar Pastoruri,⛰️ Glaciar,Glaciar accesible.,S/ 30,false,https://images.unsplash.com/photo-1589410183861-554471f50a80?auto=format&fit=crop&q=80&w=200,-9.8823,-77.1856
